taskName,logFile,createdAt
task_02,2026-05-03_172416.log,2026-05-03_172416
tasks_2026_0503_1908,2026-05-03_19_08_29.log,2026-05-03_190829
tasks_2026_0503_1953,2026-05-03_19_53_40.log,2026-05-03_195340
tasks_2026_0503_1953,2026-05-03_19_55_04.log,2026-05-03_195504
tasks_2026_0503_1953,2026-05-03_19_55_05.log,2026-05-03_195505
tasks_2026_0503_1953,2026-05-03_19_57_42.log,2026-05-03_195742
tasks_2026_0503_1953,2026-05-03_20_16_31.log,2026-05-03_201631
tasks_2026_0503_1953,2026-05-03_20_32_08.log,2026-05-03_203208
tasks_2026_0503_1953,2026-05-03_20_56_26.log,2026-05-03_205626
tasks_2026_0503_1953,2026-05-04_09_46_58.log,2026-05-04_094658
tasks_2026_0503_1953,2026-05-04_11_08_59.log,2026-05-04_110859
tasks_2026_0503_1953,2026-05-04_11_23_32.log,2026-05-04_112332
tasks_2026_0514_1602,2026-05-14_16_03_00.log,2026-05-14_160300
tasks_2026_0514_1602,2026-05-14_16_56_27.log,2026-05-14_165627
tasks_2026_0514_1602,2026-05-14_16_58_13.log,2026-05-14_165813
tasks_2026_0514_1602,2026-05-14_16_59_41.log,2026-05-14_165941
tasks_2026_0514_1602,2026-05-14_17_01_01.log,2026-05-14_170101
tasks_2026_0514_1602,2026-05-14_17_01_18.log,2026-05-14_170118
tasks_2026_0514_1602,2026-05-14_17_03_09.log,2026-05-14_170309
tasks_2026_0514_1602,2026-05-14_17_07_45.log,2026-05-14_170745
tasks_2026_0514_1602,2026-05-14_17_12_58.log,2026-05-14_171258
tasks_2026_0514_1602,2026-05-14_17_35_05.log,2026-05-14_173505
tasks_2026_0514_1602,2026-05-14_17_35_06.log,2026-05-14_173506
tasks_2026_0514_1602,2026-05-14_18_30_41.log,2026-05-14_183041
tasks_2026_0514_1602,2026-05-14_18_44_10.log,2026-05-14_184410
tasks_2026_0514_1602,2026-05-14_19_21_10.log,2026-05-14_192110
tasks_2026_0514_1602,2026-05-15_08_42_29.log,2026-05-15_084229
tasks_2026_0514_1602,2026-05-15_08_43_04.log,2026-05-15_084304
tasks_2026_0514_1602,2026-05-15_08_49_15.log,2026-05-15_084915
tasks_2026_0514_1602,2026-05-15_09_01_06.log,2026-05-15_090106
tasks_2026_0514_1602,2026-05-15_13_36_23.log,2026-05-15_133623
tasks_2026_0514_1602,2026-05-15_13_37_05.log,2026-05-15_133705
tasks_2026_0514_1602,2026-05-15_13_45_29.log,2026-05-15_134529
tasks_2026_0514_1602,2026-05-15_14_19_55.log,2026-05-15_141955
tasks_2026_0514_1602,2026-05-15_14_20_39.log,2026-05-15_142039
tasks_2026_0514_1602,2026-05-15_14_32_07.log,2026-05-15_143207
tasks_2026_0514_1602,2026-05-15_14_33_14.log,2026-05-15_143314
tasks_2026_0514_1602,2026-05-15_14_33_41.log,2026-05-15_143341
tasks_2026_0514_1602,2026-05-15_15_00_26.log,2026-05-15_150026
tasks_2026_0514_1602,2026-05-15_15_01_30.log,2026-05-15_150130
tasks_2026_0514_1602,2026-05-15_15_04_47.log,2026-05-15_150447
tasks_2026_0514_1602,2026-05-15_15_05_59.log,2026-05-15_150559
tasks_2026_0514_1602,2026-05-15_15_08_26.log,2026-05-15_150826
tasks_2026_0514_1602,2026-05-15_15_13_37.log,2026-05-15_151337
tasks_2026_0514_1602,2026-05-15_15_54_38.log,2026-05-15_155438
tasks_2026_0514_1602,2026-05-15_15_58_44.log,2026-05-15_155844
tasks_2026_0514_1602,2026-05-15_16_03_50.log,2026-05-15_160350
tasks_2026_0514_1602,2026-05-15_16_12_52.log,2026-05-15_161252
tasks_2026_0514_1602,2026-05-15_16_15_18.log,2026-05-15_161518
tasks_2026_0514_1602,2026-05-15_18_44_45.log,2026-05-15_184445
tasks_2026_0514_1602,2026-05-15_18_46_16.log,2026-05-15_184616
